Word,Meaning
fervid,showing earnest feeling         
provisional,of the present time only       
convoluted,complicated coiled twisted         
paradigm,a model example or pattern       
invective,abusive language curses         
fission,splitting or division (esp. of cells)      
brook,to tolerate endure         
fetid,stinking         
gaucherie,socially awkward tactless behavior        
topple,be unsteady and overturn        
tepid,lukewarm         
debacle,a breakup overthrow sudden disaster       
indulge,gratify give way to satisfy allow oneself     
arabesque,a complex ornate design        
temperate,showing self-control          
ineffable,to great to be described in words     
coda,passage that completes a piece of music   
hone,stone used for sharpening tools       
weigh,measure hoe heavy smth is       
divulge,make known smth secret        
veneer,surface appearance covering the TRUE nature      
defer,postpone give way (to show respect)      
chisel,steel tool for shaping materials       
welter,turmoil a bewildering jumble        
incessant,often repeated continual         
ossify,to turn to bone to settle rigidly into an idea  
tawdry,cheap gaudy showy tacky        
whimsical,full of odd and fanciful ideas      
saturnine,gloomy dark sullen morose        
lionize,treat as a famous person     
middling,fairly good but not very good      
scabbard,sheath for the blade        
onerous,needing effort burdensome         
taciturn,untalkative silent          
rumple,make rough        
spurn,have nothing to do reject or refuse     
doggerel,trivial poorly constructed verse        
decry,disapprove of          
sophomoric,self-assured though immature affected bombastic overblown      
proscribe,denounce as dangerous         
deprecate,protest against express disapproval of       
succor,assistance relief in time of distress      
vain,without use result conceited        
abstruse,difficult to comprehend obscure        
corporeal,physical of or for the body      
repulsive,causing a feeling of disgust       
catalyst,substance that causes speeding up       
coax,get smb to do smth by kindness     
agile,active quick-moving          
lumber,move in a clumsy/noisy way     
vacillation,being uncertain hesitating         
consummate,perfect/make perfect/complete        
clientele,customers         
impair,worsen diminish in value        
prevaricate,to equivocate to stray from the truth     
glib,ready and smooth but not sincere      
apprise,give notice to inform        
valorous,brave           
plaque,flat metal on a wall as a memorial    
cravat,piece of linen worn as a necktie   
demur,to hesitate raise objections        
swerve,change direction suddenly       
steeply,rising or falling sharply        
slate,king of blue-grey stone propose criticize      
refine,make or become pure cultural       
detumescence,diminishing or lessening of swelling       
nugatory,trifling/worthless         
malinger,to fake illness or injury in order to shirk a duty 
palate,roof of the mouth sense of taste     
cognizant,being fully aware of        
combustion,process of burning         
loll,rest to sit or stand in a lazy way hang (dog's tongue)
forswear,renounce disallow repudiate         
extrovert,cheerful person          
baleful,harmful ominous causing evil        
animosity,strong dislike          
blandishment,flattery coaxing          
drone,male bee person who isn't self-employed      
impermeable,that cannot be permeated        
plaintive,mournful melancholy sorrowful         
taut,tightly stretched          
incite,stir up rouse         
deposition,dethronement depositing          
indomitable,not easily discouraged or subdued       
bedizen,to adorn especially in a cheap showy manner    
perish,be destroyed decay         
viscous,sticky/semi-fluid         
frugal,careful economical          
recompense,make payment to reward punish       
cant,insincere talk/jargon        
maudlin,sentimental in a silly or tearful way     
forfeit,suffer the loss of smth       
profligacy,shameless immorality        
apprehensive,grasping understanding fear unhappy feeling about future     
edacious,voracious devouring          
abeyance,suspended action          
sluggard,lazy slow-moving person         
nebulous,cloud-like hazy vague indistinct        
abdication,giving up control authority        
intransigent,uncompromising           
insensible,unconscious unresponsive unaffected         
gist,the point general sense        
churl,bad-tempered person          
ameliorate,improve make better         
opprobrious,showing scorn or reproach        
purvey,provide supply          
petrify,to make hard rocklike        
timid,shy easily frightened         
penitent,feeling or showing regret        
extirpate,to destroy exterminate cut out exscind      
austere,severely moral and strict simple and plain     
wean,to turn away (from a habit)    
obdurate,hardened and unrepenting stubborn inflexible       
tractable,easily controlled or guided        
hoax,mischievous trick played on smb for a joke    
vituperate,curse abuse in words        
peccadillo,small sin small weakness in one's character     
inimitable,defying imitation unmatchable         
discomfit,confuse embarrass          
lackluster,(of eyes) dull         
procrastination,keeping on putting off        
eradicate,get rid of pull up by the roots    
clot,half-solid lump formed from liquid       
libertine,immoral person          
clinch,come to grips/settle conclusively      
insouciant,unconcerned carefree          
reconcile,settle a quarrel restore peace       
connoisseur,a person with good judgement (e.g.. in art)    
urbane,elegant refined in manners        
hoodwink,trick mislead          
dud,no use person smth that fails      
slack,sluggish dull not tight        
discourse,speech lecture          
invincible,too strong to be defeated     
entreat,ask earnestly          
pertain,belong as a part have reference      
mellifluous,sweetly flowing          
belabor,beat hard        
stanch,to stop the flow of a fluid     
shrill,sharp piercing          
calumny,slander aspersion          
foster,nurture care for         
repudiate,disown refuse to accept or pay      
perilous,dangerous           
benefactor,person who has given help       
torment,severe pain or suffering        
alloy,to debase by mixing with something inferior     
verve,spirit vigor enthusiasm         
tyro,tiro beginner          
prone,prostrate inclined to (undesirable things)       
disencumber,free from encumbrance         
distraught,distracted violently upset in mind       
recast,cast or fashion anew        
foil,prevent from carrying out contrast       
unscathed,unharmed unhurt          
exorbitant,much too high or great       
refulgent,shining brilliant          
coddle,treat with care and tenderness       
demagogue,person appealing not to reasons       
quiescent,at rest dormant torpid        
flak,criticism/anti-aircraft guns        
sere,make hard and without feeling     
adorn,add beauty decorate         
fluke,lucky stroke        
infuse,put pour fill         
raconteur,person who tells anecdotes        
discreet,careful/prudent         
incredulous,skeptical unwilling to believe        
palliate,lessen the severity of        
penurious,poor/stingy         
suborn,induce by bribery or smth to commit perjury    
pest,destructive thing or a person who is nuisance    
inundate,flood cover by overflowing        
daunt,intimidate make fearful         
profane,worldly having contempt for God       
stipulate,state or put forward as a necessary condition    
condense,increase in density strength make laconic      
duplicity,deliberate deception          
savant,person of great learning        
mollify,make calmer or quieter        
encapsulate,enclose in capsule         
fluster,make nervous or confused        
sublime,extreme astounding          
emaciate,make thin and weak        
cogent,strong convincing          
pinch,be too tight take between the thumb and finger   
flop,fail/move/fall clumsily        
sodden,soaked saturated          
hoi,polloi the masses the rabble       
fulmination,bitter protest          
intransigence,unwillingness to compromise stubbornness intractability       
dormant,in a state of inactivity but awaiting development    
gush,burst out suddenly/talk ardently      
overweening,presumptuously arrogant overbearing immoderate being a jerk     
aggravate,make worse irritate         
glean,gather facts in small quantities       
scribble,write hastily          
ferment,substance become excited         
hospitable,liking to give hospitality        
goad,smth urging a person to action      
dupe,cheat make a fool of       
pique,hurt the pride or self-respect stir (curiosity)     
apostate,one who abandons long-held religious or political convictions    
imperative,urgent essential          
sanguine,cheerful confident optimistic         
extol,praise highly          
ulterior,situated beyond          
supercilious,disdainful characterized by haughty scorn       
dilate,speak comprehensively become wider large       
abhor,to hate to detest        
turbulence,being uncontrolled violent         
sash,long strip worn round the waist    
resuscitation,coming back to consciousness        
waft,scent waving movement carry lightly through      
paucity,scarcity a lacking of        
conceal,hide keep secret         
congeal,make or become stiff and solid      
connotation,suggestion in addition to        
endemic,epidemic           
hush,make or become silent      
soot,black powder in smoke        
aseptic,surgically clean        
benign,kind and gentle mild (climate)       
uncouth,rough awkward          
hypocrisy,falsely making oneself appear to be good     
contumacious,insubordinate rebellious          
deter,discourage hinder          
disinter,dig up from the earth       
finesse,delicate way of dealing with a situation     
dolt,stupid fellow          
odium,contempt dislike aversion         
benevolence,wish or activity in doing good      
presumption,arrogance         
indelible,that cannot be rubbed out       
sobriety,quality or condition of being sober      
germane,relevant pertinent to         
boorish,crude offensive rude         
preternatural,not normal or usual        
regicide,crime of killing a king       
garrulity,talkativeness           
sophistry,fallacious reasoning faulty logic        
temperance,abstinence from alcohol self-control moderation       
astringent,substance that shrinks         
hew,make by hard work cut (by striking)     
scorch,become discolored/dry up/go at high speed    
meticulous,giving great attention to details       
importune,beg urgently solicit (of a prostitute)      
plumb,get to the root of       
unfeigned,not pretended sincere         
veneration,regard with deep respect        
beatify,to bless make happy or ascribe a virtue to   
discern,see with an effort but clearly      
verdant,fresh and green       
revere,have deep respect for        
patron,regular customer person who gives support      
tout,person who worries others to buy smth to use his service 
bewilder,puzzle confuse          
bolster,give greatly needed support        
somatic,of the body         
quotidian,banal everyday          
reiterate,say or do again several times      
earthenware,dishes made of baked clay       
hirsute,hairy shaggy          
contentious,argumentative pugnacious combative quarrelsome        
expatiate,to roam wander freely        
vigilance,watchfulness self-appointed group who maintain order      
impending,imminent being about to happen expected      
equivocate,try to deceive by equivocal language      
barrage,artificial obstacle built across a river      
auspicious,favorable successful prosperous         
philistine,a smug ignorant person one who lacks knowledge    
intrepid,fearless brave undaunted         
conceit,over-high opinion of too much pride      
boisterous,loud noisy rough lacking restraint       
pious,dutiful to parents devoted to religion      
inured,accustomed to adapted         
peregrination,traveling about wandering         
apartheid,brutal racial discrimination         
warrant,authority written order guarantee        
ineptitude,quality of being unskillful      
squalid,foul filthy          
fallacious,based on error         
prudence,careful forethought          
consternation,surprise and fear dismay        
denouement,an outcome or solution the unraveling of a plot   
exscind,to cut out cut away       
incursion,a raid a sudden attack       
odor,smell favor reputation         
splenetic,bad-tempered irritable          
imperviousness,haughty arrogant commanding         
hallow,to make holy consecrate        
reciprocity,granting of privileges in return for similar     
conciliatory,reconciling soothing comforting mollifying        
tangential,suddenly changeable          
quibble,try to avoid by sophistication       
plummet,fall plunge steeply         
contiguous,touching neighboring near         
punctilious,precise paying attention to trivialities       
impugned,challenged to be doubted        
sedulous,persevering           
fatuous,without sense foolish self-satisfaction        
extralegal,outside the law         
equipoise,equal distribution of weight equilibrium       
covetous,eagerly desirous          
glimmer,weak/unsteady light        
tarnished,lost brightness          
sundry,various miscellaneous separate         
reactionary,opposing progress          
suppliant,asking humbly beseeching         
effluvia,outflow in a stream of particles a noxious odor or vapor 
servile,like a slave lacking independence       
bask,in enjoy warmth and light       
paean,song of praise or triumph       
abraded,rubbed off worn away by friction      
obstreperous,noisy loud          
regale,to delight or entertain to feast      
attune,bring into harmony       
encumbrance,burden things that get on the way of    
truce,(agreement) stop of fighting for a time   
maverick,rebel nonconformist          
fawn,young deer try to win smb's favor     
lithe,bending twisting          
pliant,pliable easily bent shaped or twisted      
sanity,health of mind soundness of judgement      
entangle,put into difficulties         
morbid,diseased unhealthy (e.g.. about ideas)       
quell,suppress subdue          
elegy,a lament a melancholy composition       
lustrous,being bright polished         
dislodge,move force from the place occupied      
probity,uprightness incorruptibility principle         
hack,cut roughly hired horse        
convoke,call together summon         
effrontery,boldness impudence arrogance         
testiness,witness/evidence         
berate,scold sharply          
lien,legal claim until a debt on it is repaid   
requite,repay give in return        
harangue,a long passionate speech        
facetious,humorous funny jocular         
consequential,pompous self important         
feint,pretend           
auxiliary,helping supporting          
temerity,boldness brashness intrepidness         
stigma,mark of shame or disgrace       
interdict,prohibit forbid          
enthral,please greatly/enslave (fig)       
panegyric,formal praise eulogy         
trudge,walk heavily          
dote,show much fondness center one's attention      
illicit,unlawful forbidden          
redeem,get back by payment compensate       
gouge,tool for cutting grooves in wood      
platitude,a trite or banal statement unoriginality      
fret,worry irritation wear away        
discredit,refuse to believe         
nadir,lowest weakest point         
endorse,write one's name on the back of     
empirical,relying on experiment         
abate,to lessen to subside        
prodigious,enormous wonderful          
puissance,strength         
untoward,unfortunate inconvenient          
salacious,obscene           
propitiatory,conciliatory appeasing mitigating         
warmonger,person who stirs up war       
pry,get smth inquire too curiously       
sophisticated,complex subtle refined         
gorge,eat greedily/narrow opening with a stream    
enervate,weaken deprive of strength attenuate       
stray,wander lose one's way        
tenacity,firmness persistency adhesiveness tending to hang on     
disproof,proof to the contrary      
pristine,primitive unspoiled pure as in earlier times unadulterated    
harrow,to distress create stress or torment      
shallow,little depth not earnest        
cryptic,secret with a hidden meaning       
conjoin,to join together         
engrave,impress deeply          
oblivious,unaware having no memory        
itinerate,to travel from place to place to peregrinate    
nascent,coming into existence emerging        
hermetic,sealed by fusion         
quack,person dishonestly claiming to smth       
moderation,quality of being limited not extreme      
muffler,cloth worn round the neck/silencer     
denigrate,blacken belittle sully defame        
thwart,obstruct/frustrate         
atonement,repayment death of Jesus        
supersede,take the place of        
falter,waver/move in an uncertain manner     
diffidence,shyness           
holster,leather case for a pistol       
ferocity,savage cruelty          
alcove,recess/partially enclosed place       
repast,meal           
maul,hurt by rough handling      
garner,to gather and save to store up     
heed,attention/give notice to       
pundit,pedant authority on a subject       
stickler,person who insists on importance of smth     
squat,crouch/settle without permission       
enduring,lasting           
irksome,tiresome           
ecumenical,representing the whole Christian world       
ail,trouble be ill         
ebullience,exuberance outburst of feeling        
condone,forgive           
severance,severing           
ostentation,display to obtain admiration or envy      
exhaustive,complete thorough          
cadge,to beg to get by begging      
calipers,metal supports attached to the legs measuring instrument    
poncho,large piece of cloth      
writ,written order        
abscond,to go away suddenly (to avoid arrest)     
disconcert,upset the self-possession of        
parsimonious,too economical miserly         
occluded,blocked up          
evince,to show clearly to indicate       
affinity,close connection relationship         
figurehead,carved image on the prow of a ship    
blatant,noisy and rough         
apt,well-suited quick-witted          
legacy,smth handed down from ancestors       
slake,to assuage to satisfy allay       
turmoil,trouble disturbance          
graze,touch or scrape lightly in passing    
console,give comfort or sympathy to       
picaresque,involving clever rogues or adventurers       
supine,lying on the back slow to act passive    
obtain,to be established accepted or customary      
cower,crouch shrink back         
vanquish,conquer           
trenchant,forceful effective vigorous extremely perceptive incisive      
foolproof,incapable of failure or error     
fulsome,disgusting offensive due to excessiveness       
avid,eager greedy          
allegiance,duty support loyalty         
pusillanimous,cowardly craven          
fleet,number of ships quick-moving        
dexterity,skill (esp. in handling)        
impervious,not allowing to pass through (of materials)     
concur,agree in opinion happen together       
ebullient,overflowing with enthusiasm showing excitement       
palatial,magnificent           
sententious,short and pithy full of maxims/proverbs      
concord,agreement or harmony         
quaff,drink deeply          
correlate,have a mutual relation        
phlegmatic,calm sluggish temperament unemotional        
recalcitrant,disobedient           
apropos,appropriate to the situation apt       
disheveled,untidy           
exoneration,set smb clear free (e.g.. from blame)     
esoteric,abstruse intended only for a small circle of    
petrous,like a rock hard stony       
prolix,tiring because too long        
impetuous,having sudden energy impulsive thrusting ahead forceful     
euthanasia,easy and painless death        
ambidextrous,able to use the left hand or the right equally well 
quail,lose courage turn frightened        
brittle,easily broken          
garrulous,too talkative          
knit,draw together unite firmly        
ardor,enthusiasm           
rescind,repeal/annul/cancel         
rivet,fix take up secure metal pin      
impiety,lack of reverence or dutifulness       
evoke,call up bring out        
surcharge,additional load/charge        
toady,obsequious flatterer        
evasive,tending to evade       
bequest,arrangement to give smth at death      
wag,merry person          
commuter,person who travels regularly        
consume,get to the end of       
salubrious,healthful           
erratic,irregular in behaviour or opinion       
derivative,unoriginal obtained from another source       
acclaimed,welcomed with shouts and approval       
rapacious,greedy (esp for money)        
dulcet,melodious harmonious          
unearth,discover and bring to light     
imminent,likely to come or happen soon      
trifling,unimportant           
obloquy,abusively detractive language sharp criticism vituperation      
rotund,rich and deep plump and round      
snub,treat with contempt       
incense,make angry          
unencumbered,easy-going trifle          
cogitate,think deeply mediate         
dwarf,person or smb much below the usual size    
censure,expression of blame or disapproval a rebuke     
alleviate,make (pain) easier to bear       
prodigal,wasteful reckless with money        
nonchalant,not having interest         
finical,too fussy about food clothing etc.      
cornucopia,abundant supply        
ignominious,shameful dishonorable undignified disgraceful        
loquacious,talkative garrulous          
suppress,prevent from being known put an end to    
aberration,straying away from what is normal      
ferret,discover by searching search        
yarn,tale story fibers for knitting       
quirk,habit or action peculiar to smb or smth    
cumbersome,burdensome heavy and awkward to carry      
fidelity,loyalty accuracy          
indefatigability,not easily exhaustible tirelessness        
castigate,to chastise correct by punishing       
wince,show bodily or mental pain       
pluck,pull the feathers off pick (e.g.. flowers)     
intersperse,place here and there        
centurion,leader of a unit of 100 soldiers     
timorous,fearful timid afraid         
brazen,made of brass         
gregarious,living in societies liking the company      
crush,press lose shape subdue overwhelm       
candid,frank straight-forward          
scent,smell (esp pleasant)         
prune,dried plum silly person        
fledged,able to fly trained experienced       
mettle,quality of endurance or courage       
affable,polite and friendly       
engender,cause produce give rise to       
grievous,causing grief or pain serious dire grave     
stentorian,extremely loud and powerful        
preponderance,greatness in number strength weight       
defiance,open disobedience or resistance        
turpitude,wickedness shamefulness          
dereliction,deserting and leaving to fall into ruins     
pitfall,covered hole as a trap unsuspected danger     
thrift,care economy thriving prosperous        
palpitate,tremble beat rapidly and irregularly       
sawdust,tiny bits of wood        
prudish,easily shocked excessively modest        
amalgamate,mix combine unite societies        
ineluctable,certain inevitable          
equilibrium,state of being balanced        
mundane,worldly as opposed to spiritual commonplace everyday     
mettlesome,courageous high-spirited          
lope,move along with long strides     
noisome,offensive disgusting (smell)         
gainsay,to deny to oppose
reprobate,person hardened in sin one devoid of decency    
abrogate,repeal or annul by authority       
recluse,person who lives alone and avoids people     
bereft,rob or dispossess of smth (material)      
chastisement,punishment           
resilience,quality of quickly recovering the original shape     
crease,line made by crushing white line on the ground in cricket 
inscrutable,incapable of being discovered or understood      
accretion,the growing of separate things into one     
indistinct,not easily heard seen clearly marked      
complaisance,tending to comply obliging willingness to please     
augury,omen sign          
ruffian,violent cruel man         
homiletics,act of preaching       
drowsiness,feeling sleepy half asleep        
exculpate,to clear from a charge of guilt     
umbrage,offense resentment          
surfeit,satiate feed to fulness or to excess     
flinch,draw move back wince        
conspicuous,easily seen remarkable         
breach,opening broken place breaking        
desuetude,cessation of use disuse        
cajole,use flattery or deceit to persuade    
deprave,make morally bad corrupt        
accolade,praise approval          
suffice,be enough          
odious,repulsive hateful          
prim,neat formal          
lurk,be out of view ready to attack   
verisimilitude,appearing TRUE or real        
soar,rise fly high         
sinuous,winding undulating serpentine         
misanthrope,person who hates mankind        
stygian,hence dark gloomy         
palpability,can be felt touched understood       
transitory,brief           
repine,at be discontented with        
pellucid,transparent easy to understand        
spurious,FALSE counterfeit          
august,majestic venerable          
undulate,to move in wavelike fashion fluctuate      
enunciate,pronounce (words)/express a theory      
inchoate,not yet fully formed rudimentary elementary      
machination,plot scheme (esp. evil)        
gossamer,soft light delicate material        
mercurial,quick changeable in character fleeting       
coerce,compel to force to make obedient      
eloquence,fluent speaking skillful use of language      
simper,(give a) silly/self-conscious smile      
alacrity,eager and cheerful readiness        
ostracism,shut out from society refuse to meet talk    
relapse,fall back again         
abacus,frame with balls for calculating       
enzyme,catalyst           
countervail,counterbalance           
seminal,like a seed constituting a source originative     
hubris,arrogant pride          
rejuvenation,becoming young in nature or appearance      
eschew,avoid         
sponge,porous rubber for washing live at once expense    
dubious,feeling doubt          
foment,put smth warm (to lessen the pain)     
expedient,likely to be useful for a purpose     
provoke,make angry vax         
provident,frugal looking to the future       
soggy,heavy with water         
attenuate,make thin. weaken enervate        
pith,essential part force soft liquid substance      
abide,be faithful to endure        
collusion,secret agreement for a deceitful purpose      
appease,make quiet or calm        
facile,easily done          
penchant,strong inclination a liking        
pied,of mixed colors         
excoriation,severe criticism          
brash,hasty rush cheeky saucy        
arrogance,proud superior manner of behaviour       
synopsis,summary or outline         
astute,clever quick at seeing to get an advantage    
clamor,shout complain with a lot of noise     
sordid,wretched comfortless contemptible         
decree,order given by authority        
reproach,scold upbraid          
macabre,gruesome suggesting death         
encomium,warm or glowing praise eulogy panegyric      
ostensible,seeming appearing as such professed       
luculent,easily understood lucid clear        
dismal,sad gloomy miserable         
bogus,sham counterfeit not genuine        
restive,refusing to move reluctant to be controlled     
misogynist,one who hates women/females        
turquoise,greenish-blue precious stone       
derogatory,insulting tending to damage        
riddle,puzzling person or thing      
engulf,swallow up          
trepidation,alarm excited state of mind       
inveigh,to attack verbally denounce deprecate       
fetter,to shackle put in chains       
myriad,very great number         
harbinger,smth or smb that foretells the coming of    
aloof,reserved indifferent          
rarefy,to make thin to make less dense to purify or refine 
counterfeit,forgery           
amortize,end (a debt) by setting aside money     
implicate,show that smb has a share      
placate,soothe pacify calm         
peripatetic,wandering           
meretricious,attractive on the surface but of little value    
incorrigibility,cannot be cured or corrected       
ascribe,consider to be the origin of or belonging to   
perfidious,treacherous faithless          
abut,border on          
presage,warning sign          
equanimity,calmness of temperament         
resort,to frequently visit         
aspersion,slander           
embellish,make beautiful          
grandiloquent,using pompous words       
finicky,finical           
imbroglio,complicated and embarrassing situation        
countenance,to favor or approve of       
sober,self-controlled           
luminary,star light-giving body         
cantankerous,bad-tempered/quarrelsome         
penury,extreme poverty          
equivocal,having a double or doubtful meaning suspicious     
irate,angry           
delineate,to portray depict sketch out       
lament,show feel great sorrow        
forbearance,patience willingness to wait        
heinous,odious (of crime)         
lugubrious,mournful excessively sad         
introspection,examining one's own thoughts and feelings      
highbrow,(person) with superior tastes      
colander,bowl-shaped vessel with many holes used to drain off water  
arrant,in the highest degree        
detraction,slandering verbal attack aspersion        
erudite,learned scholarly          
jabber,talk excitedly utter rapidly        
fidget,move restlessly make nervous        
credulity,too great a readiness to believe things     
molt,moult lose hair feathers before new growing     
bellicose,belligerent pugnacious warlike         
admonitory,containing warning          
slur,join sounds/words (indistinct)       
diatribe,bitter and violent attack in words      
extinct,no longer active         
vestige,trace or sign       
gloat,over look at with selfish delight      
indigenous,native           
tassel,bunch of threads       
mischievous,harmful causing mischief         
partisan,one-sided committed to a party biased or prejudiced    
flamboyant,brightly colored florid         
constrict,make tight or smaller        
craven,cowardly           
curriculum,course of study         
plethora,glut           
implacable,incapable of being placated unpleasable       
extempore,without previous thought or preparation     
repel,refuse to accept/cause dislike      
tamper,interfere with          
coalescing,coming together and uniting into one substance     
ambiguous,doubtful uncertain          
ominous,threatening         
streak,long thin move very fast       
infuriate,fill with fury or rage       
tadpole,form of a frog when it leaves the egg 
epitome,brief summary representative example a typical model     
perjury,willful FALSE statement unlawful act       
euphoria,elation state of pleasant excitement       
terse,brief and to the point       
striated,striped grooved or banded        
permeate,spread into every part of       
supplicate,make a humble petition to       
secular,material (not spiritual) living outside monasteries      
levee,formal reception/embankment        
premature,doing or happening smth before the right time    
upbraid,scold reproach          
obtrusive,projecting prominent undesirably noticeable        
parenthesis,sentence within another one smth separated      
implicit,implied though not plainly expressed       
diaphanous,transparent gauzy          
tonic,smth giving strength or energy       
officious,too eager or ready to help offer advice    
recant,take back as being FALSE give up     
fragile,easily injured broken or destroyed       
eddy,circular or spiral movement (e.g.. of wind)     
perfunctory,done as a duty without care      
rebuff,snub           
vigorous,strong energetic          
fragrant,sweet-smelling           
nibble,show some inclination to accept (an offer)     
lucubrate,write in scholarly fashion        
recreancy,cowardice a cowardly giving up       
embezzle,use in a wrong way for one's own benefit   
asterisk,the mark * (e.g.. omitted letters)      
obsequious,too eager to obey or serve      
sycophant,person who flatter to the rich and powerful    
inveterate,deep-rooted. long-established          
irresolute,hesitating undecided          
discountenance,refuse to approve of        
libel,statement that damages reputation        
malapropism,misuse of a word (for one that resembles it)   
chicanery,legal trickery/false argument       
abet,help/encourage smb (in doing wrong)     
turbid,muddy having the sediment stirred up      
jibe,gibe make fun of        
desiccant,substance used to absorb moisture       
perpetrate,be guilty commit (a crime)       
veracity,truth           
bilge,bulge the protuberance of a cask      
dearth,shortage           
suffocate,cause or have difficulty in breathing    
disdain,look on with contempt        
ascetic,practicing self-denial austere stark        
immaculate,pure faultless          
flax,pale yellow (hair) a plant       
impediment,smth that hinders (e.g. stammer)       
quiescence,state of being passive/motionless      
grave,serious requiring consideration         
expiation,ending expiring          
frenetic,frantic frenzied          
covert,disguised           
gnaw,waste away bite steadily        
susceptibility,sensitiveness           
rave,act with excessive enthusiasm      
ford,shallow place in a river (to cross)     
divergence,getting farther apart from a point      
vindictive,having a desire to revenge       
broach,bring up announce begin to talk about     
extort,obtain by threats violence        
inept,unskillful said or done at the wrong time    
undermine,weaken gradually at the base make smth under    
engrossing,taken up all the time or attention writing in large or formal
plea,request           
impromptu,without preparation          
entice,tempt or persuade       
limn,paint portray          
fringe,edge ornamental border part of hair over the forehead   
curtail,make shorter then was planned       
caustic,biting sarcastic          
epithet,adjective           
ire,anger           
manacle,chains for the hands or feet      
coy,shy/modest (esp of a girl)     
sanctimony,self-righteousness hypocritical with FALSE piety       
valiant,brave           
flaunting,show off complacently         
pariah,an outcast a rejected and despised person     
shard,piece of broken earthenware        
guile,deceit cunning          
dynamo,a generator something that produces electric current     
ubiquitous,present everywhere        
pucker,wrinkle         
minatory,menacing threatening          
subsume,include under a rule        
imperturbable,calm not capable of being excited      
incipient,beginning         
forgery,counterfeit           
commemorate,keep the memory of        
garment,article of clothing         
sever,break off        
frantic,wildly excited with joy pain anxiety      
inane,silly senseless          
extenuate,reduce the strength of lessen seriousness partially excuse    
matriculation,be admitted enter a university as a student    
resigned,unresisting submissive          
precursory,preliminary anticipating          
multifarious,varied motley greatly diversified        
scurvy,mean contemptible          
subdue,overcome bring under control        
fecund,fertile           
venal,ready to do smth dishonest       
indolence,laziness           
derision,ridicule mockery deriding         
stymie,to hinder obstruct or block       
stingy,spending using unwillingly         
aver,affirm assert prove justify        
stint,to be thrifty to set limits      
veritable,real rightly named         
irrevocable,final and unalterable         
pernicious,harmful injurious          
smolder,burn slowly without flame      
recitals,a number of performance of music      
macerate,make or become soft by soaking in water  
travesty,parody/imitation         
stride,walk with long steps        
latent,present but not yet active developed or visible    
decorum,propriety properness          
voluble,fluent           
deferential,showing respect          
jocular,meant as a joke        
tamp,tap or drive down by repeated light blows    
malleable,yielding easily shaped moldable adapting       
squander,spend wastefully          
piquant,agreeably pungent stimulating         
transient,temporary fleeting          
aversion,strong dislike          
contrite,filled with deep sorrow for wrongdoing      
render,deliver provide represent         
superfluous,more then is needed or wanted      
innocuous,causing no harm         
iconoclast,person who attacks popular beliefs       
prosaic,everyday mundane commonplace trite pedestrian       
mesmerize,hypnotize           
glut,supply to much fill to excess      
insipid,without taste or flavor        
insurrection,rising of people to open resistance to     
negligent,taking too little care        
massacre,cruel killing of a large number of people    
forage,food for horses and cattle     
roll,call calling of names        
remonstrate,to protest object         
asperity,roughness harshness ill temper irritability       
coagulation,change to a thick and solid state   
plead,address a court of law as an advocate    
ramify,to be divided or subdivided to branch out    
exigency,emergency an urgent situation        
insularity,narrow-mindedness isolated          
cursory,quick hurried          
arboreal,of connected with trees        
blandness,polite manner comforting uninteresting        
qualm,feeling of doubt temporary feeling of sickness     
lull,become quiet or less active       
talon,claw of a bird of prey      
impute,to attribute to a cause or source ascribe    
redoubtable,formidable causing fear         
idyll,a carefree episode or experience       
incongruous,out of place not in harmony or agreement    
commodious,having plenty of space for what is needed  
forbear,refrain from be patient ancestor       
snare,trap         
vitiate,lower the quality weaken the strength      
pivotal,of great importance (others depend on it)     
rancorous,feeling bitterness spitefulness         
reticent,reserved untalkative silent taciturn        
substantiation,giving facts to support (statement)     
expurgate,to remove obscenity purify censor       
adamant,kind of stone inflexible        
petrified,taken away power (to think feel act)     
fracas,noisy quarrel        
vigilant,member of a vigilance committee       
cling,to resist separation         
argot,jargon slang          
superimpose,put smth on the top       
insinuate,suggest unpleasantly make a way for smth gently    
assuage,make smth (pain desire) less       
quandary,state of doubt or perplexity     
egress,way out exit         
volubility,fluency verbosity easy use of spoken language     
baneful,causing harm or ruin pernicious destructive      
imprecation,an invocation of evil a curse      
hollow,not soled with hole        
deviance,being different in moral standards (from normal)     
dissemble,speak or behave so as to hide smth (in mind)  
chastened,corrected punished          
conundrum,a riddle dilemma enigma        
descry,catch sight of see smth in the distance    
immutable,that cannot be changed        
indigence,poverty           
retard,check hinder          
pine,waste away through sorrow or illness    
portent,omen marvelous threatening         
corroboration,additional strengthening evidence         
dissolution,disintegration looseness in morals        
soporific,producing sleep        
precarious,uncertain risky dangerous         
husk,worthless outside part of anything       
conviction,convincing firm belief         
buoyant,able to float light-hearted        
recuperate,become strong after illness loss exhaustion      
laudatory,expressing or giving praise        
perfidy,treachery breaking of faith        
summarily,briefly without delay         
articulate,speak distinctly connect by joints       
blithe,cheerful casual carefree         
inadvertent,not paying proper attention        
splice,join (two ends)         
solvent,of the power of forming a solution     
sullied,to be stained or discredited       
renowned,celebrated famous          
enmity,hatred being an enemy        
abjure,promise or swear to give up      
burnish,to polish rub to a shine      
submerge,put under water liquid sink out of sight    
haughty,arrogant conceited          
sagacious,having sound judgment perceptive wise like a sage    
assail,with attack violently         
forge,workshop for the shaping of metal to shape metal lead  
lassitude,weariness tiredness          
duress,threats to compel smb        
canvass,discuss thoroughly sort of touting       
volatile,changeable inconstant fickle unstable explosive       
reverent,feeling or showing deep respect     
dissent,have a different opinion refuse to assent     
heterogeneous,made up of different kinds       
propagation,increasing the number spreading extending       
obtuse,blunt/stupid         
imperious,commanding haughty arrogant         
specious,illogical of questionable truth or merit      
profuse,abundant/lavish         
impede,hinder get in the way of      
effete,infertile worn out weak        
credulous,ready to believe things        
curmudgeon,bad-tempered person          
foible,defect of character (a person is wrongly proud)    
preen,tidy/show self-satisfaction        
espouse,marry give one's support to       
arduous,steep difficult ascent laborious        
ensign,flag/badge         
apotheosis,deification glorification to godliness        
teetotal,oppose to alcohol         
proliferate,grow reproduce by rapid multification       
skiff,small boat          
petulant,unreasonably impatient          
ingenuous,naive young artless frank honest sincere      
ambivalent,having both of two contrary meanings      
froward,intractable not willing to yield or comply stubborn    
malevolence,wishing to do evil        
antidote,medicine used against a poison or a disease    
fixate,stare at          
adulteration,making unpure poorer in quality       
skit,short piece of humorous writing       
underbid,make a lower bid then smb else     
taunt,contemptuous reproach hurtful remark        
incise,engrave make a cut in       
epistle,letter           
dogmatic,positive certain arbitrary without room for discussion     
inasmuch,since because          
crass,very great (es. stupidity)      
strut,a supporting bar         
sermon,reproving a person for his faults    
vilify,slander say evil things        
ingest,take in by swallowing        
idolatry,excessive admiration of         
perspicacity,quick judging and understanding        
putrefaction,becoming rotten        
recondite,little known abstruse         
poignant,deeply moving keen         
exploit,brilliant achievement develop use selfishly       
idiosyncrasy,personal mannerism          
divestiture,taking off getting rid of giving up     
preclude,prevent make impossible         
savor,taste flavor smth         
irascible,irritable easily angered         
shun,keep away from avoid        
sidestep,step to one side        
nexus,a connection tie or link       
mendicant,a beggar          
stigmatize,describe smb scornfully         
elaborate,worked out with much care in great detail    
disparate,essentially different          
shunt,send from one track to another lay aside evade discussion  
nonplused,greatly surprised          
desultory,aimless haphazard digressing at random       
discrete,individually distinct        
elicit,draw out          
disseminate,distribute (esp. ideas)         
propinquity,nearness in time or place affinity of nature    
trickle,flow in drops       
profligate,wasteful prodigal licentious extravagant        
salutary,remedial wholesome causing improvement        
pedantic,bookish showing off learning        
indulgent,inclined to indulge         
enigma,smth that is puzzling        
cordon,line (of police acting as a guard)     
pedestrian,commonplace trite unremarkable         
tortuous,devious/not straightforward        
gust,outburst of feeling sudden rain wind fire etc.    
profundity,depth           
subpoena,written order requiring a person to appear in a low court 
obfuscate,to darken make obscure muddle       
deplete,use until none remains        
assiduous,diligent hard-working sedulous         
incumbents,official duties          
audacious,daring foolishly bold impudent        
turgid,excessively ornate swollen or bloated       
agog,eager/excited         
torpid,sleeping sluggish lethargic dormant        
acarpous,effete no longer fertile worn out      
equable,steady regular          
disingenuous,sophisticated artful trying to deceive cunning      
felicitous,apt suitably expressed well chosen apropos      
malign,injurious speak ill of smb tell lie     
balk,obstacle purposely to get on the way of    
serration,having a toothed edge        
vagary,strange act or idea        
peremptory,urgent imperative unchallengeable ending debate       
drawl,slow way of speaking      
transgress,break go beyond (a limit)       
dawdler,person who is slow waste of time     
pungency,sharpness stinging quality         
liberality,free giving generosity         
predominate,have more power than others       
shrewd,astute showing sound judgement        
proclivity,inclination           
cabal,a scheme or plot a group of plotters    
expostulate,argue earnestly to dissuade correct or protest     
extant,still in existence         
epicurean,devoted to pleasure (sensuous enjoyment)       
castigation,severe punishment          
impassive,unmoved feeling no sign of passion      
impudent,rash indiscreet          
involute,complex           
implosion,collapse bursting inward         
belligerent,(person nation) waging war        
sting,smth sharp          
miser,person who loves wealth and spends little     
limp,lacking strength walking unevenly        
pyre,large pile of wood for burning      
rift,split crack dissension         
maladroit,tactless clumsy          
extinguish,end the existence of/wipe or put out   
deluge,great flood heavy rush of water      
abysmal,bottomless extreme          
plod,continue doing smth without resting       
efficacy,production of a desired result       
edible,fit to be eaten/not poisonous     
halcyon,calm and peaceful       
gullible,easily gulled          
rabble,mob crowd the lower classes of populace     
vivacious,lively high-spirited          
propitious,auspicious presenting favorable circumstances        
forestall,prevent by taking action in advance preempt     
waffle,talk vaguely and without much result    
refractory,stubborn unmanageable untractable         
cloture,closing device (in Parliament) to end a debate by voting  
levity,lack of seriousness       
endearing,making dear or liked        
predilection,special liking mental preference        
vex,annoy distress trouble         
virago,a loud domineering woman a scold or nag    
woo,try to win         
inclined,directing the mind in a certain direction     
precepts,rules establishing standards of conduct       
stipple,paint with dots       
disallow,refuse to allow or accept as a correct    
mendacity,dishonesty           
antithetical,direct opposing          
mince,pronounce or speak affectedly euphemize       
trite,not new          
sanction,approval (by authority) penalty        
judicious,sound in judgment wise        
protracted,prolonged           
plunge,move quickly suddenly and with force      
lavish,giving or producing freely liberally or generously     
cordial,warm and sincere         
aplomb,self-confidence           
ponderous,heavy bulky dull         
pugnacious,fond of in the habit of fighting     
feckless,lacking purpose or vitality ineffective careless      
ascend,go or come up        
sumptuous,magnificent           
chauvinist,a blindly devoted patriot        
ignoble,dishonorable common undignified         
raffish,low vulgar base tawdry        
approbation,approval           
felon,person guilty of murder        
impecunious,having little or no money       
inferno,hell         
torque,twisting force causing rotation      
renovate,restore smth to better condition       
neophyte,person who has been converted to a belief    
constrain,compel         
flout,reject mock to go against (as in going against tradition)  
sequence,succession connected line of        
exuberance,state of growing vigorously being full of life    
tenuous,insubstantial flimsy weak         
overhaul,examine thoroughly to learn about the condition     
rant,use extravagant language         
feud,bitter quarrel over a long period of time    
burgeon,grow forth send out buds       
noxious,harmful           
opaqueness,dullness/not allowing light to pass through    
florid,very much ornamented naturally red (e.g.. of face)    
heresy,belief contrary to what is generally accepted     
spear,weapon with a metal point on a long shaft   
fervor,warmth of feelings earnestness        
nostrum,a quack remedy an untested cure      
sheath,cover for the blade of a weapon or a tool  
droll,jesting         
grovel,crawl humble oneself         
visceral,of the internal organs of the body     
extricable,that can be freed        
recidivism,relapse into antisocial or criminal behavior      
veer,change direction          
obviate,to make unnecessary get rid of      
personable,pleasing in appearance attractive        
serrated,having a toothed edge        
coeval,of the same period coexisting       
labyrinthine,to entangle the state of affairs      
tautology,a repetition a redundancy        
interim,as an installment         
satiate,satisfy fully          
truculence,aggressiveness ferocity          
lachrymose,causing tears tearful         
eulogy,formal praise panegyric         
contemn,to scorn or despise        
morose,ill-tempered unsocial          
garble,make unfair selection from facts     
inimical,harmful or friendly         
prevalent,common           
stolid,showing no emotion impassive        
brass,yellow metal (mixing copper and zinc)      
avow,admit. Declare openly         
wend,to go proceed         
chary,cautious wary          
compunction,feeling of regret for one's action      
inculcate,fix firmly by repetition        
anguish,severe suffering        
quixotic,generous unselfish          
dainty,pretty/delicate(food)/difficult to please       
emote,stir up excite         
bigot,stubborn narrow-minded person         
ascertain,get to know         
barren,not good enough unable to have young ones without value  
foppish,like a man who pays too much attention to his clothes 